agbregistratie,kvknummer,vestigingsnummer
71161975 - Zelfstandige Behandelcentra,41081032,000050765442
71090903 - Ziekenhuizen,41081032,000028287428
42424586 - Verzorgingshuizen,41081034,000030318467
47473234 - Gecombineerde Verpleeginrichtingen,41081034,000030318467
47473235 - Gecombineerde Verpleeginrichtingen,41081034,000030318467
71244895 - Gecombineerde Verpleeginrichtingen,41081034,000030318467
71246060 - Gecombineerde Verpleeginrichtingen,41081034,000030318467
71246347 - Gecombineerde Verpleeginrichtingen,41081034,000030318467
47471488 - Gecombineerde Verpleeginrichtingen,41081034,000030318440
42421154 - Verzorgingshuizen,41081034,000030318483
47471751 - Gecombineerde Verpleeginrichtingen,41081034,000030318483
75751742 - Thuiszorginstellingen,41081034,000030318483
42421150 - Verzorgingshuizen,41081034,000030318475
47471763 - Gecombineerde Verpleeginrichtingen,41081034,000030318475
45450273 - Verpleeginrichtingen voor Somatische Ziekten,41081034,000030318459
71094182 - ZZP-ers in wijkverpleging/ PGB aanbieders / Beheerstichtingen,41081034,000030318459
42424880 - Verzorgingshuizen,41081034,000043078079
47473072 - Gecombineerde Verpleeginrichtingen,41081034,000043078079
71090725 - Ziekenhuizen,41081095,000021453144
42421382 - Verzorgingshuizen,41081234,000022444912
47471756 - Gecombineerde Verpleeginrichtingen,41081234,000022444912
71094188 - ZZP-ers in wijkverpleging/ PGB aanbieders / Beheerstichtingen,41081234,000022444912
42421394 - Verzorgingshuizen,41081766,000022397655
45451247 - Verpleeginrichtingen voor Somatische Ziekten,41081766,000022397655
71094179 - ZZP-ers in wijkverpleging/ PGB aanbieders / Beheerstichtingen,41081766,000022397655
71090734 - Ziekenhuizen,41084046,000022884424
71093313 - Tandheelkundige Centra,41084046,000022884424
71194196 - Ziekenhuizen,41084046,000022882723
71194194 - Ziekenhuizen,41084046,000022882901
71194193 - Ziekenhuizen,41084046,000025947702
71194195 - Ziekenhuizen,41084046,000035731672
71090786 - Ziekenhuizen,41084046,000023036893
42421170 - Verzorgingshuizen,41085837,000031354327
47471990 - Gecombineerde Verpleeginrichtingen,41085837,000031354327
42421169 - Verzorgingshuizen,41085837,000031354343
47471395 - Gecombineerde Verpleeginrichtingen,41085837,000031354343
42421171 - Verzorgingshuizen,41085837,000031354300
47471989 - Gecombineerde Verpleeginrichtingen,41085837,000031354300
47471991 - Gecombineerde Verpleeginrichtingen,41085837,000042094763
47471140 - Gecombineerde Verpleeginrichtingen,41085837,000031354351
47472062 - Gecombineerde Verpleeginrichtingen,41085837,000031354351
42421261 - Verzorgingshuizen,41085837,000031354378
47471484 - Gecombineerde Verpleeginrichtingen,41085837,000031354378
47471988 - Gecombineerde Verpleeginrichtingen,41085837,000031354289
42421167 - Verzorgingshuizen,41085837,000031354386
47471987 - Gecombineerde Verpleeginrichtingen,41085837,000031354386
71117482 - ZZP-ers in wijkverpleging/ PGB aanbieders / Beheerstichtingen,41085837,000021453616
75751657 - Thuiszorginstellingen,41085837,000021453616
71090904 - Ziekenhuizen,41085846,000036457817
71192287 - Koepels en Beheerstichtingen WLZ,41085846,000036457817
72727276 - RIBW,41085846,000036457817
71154073 - Ziekenhuizen,41085846,000036337358
71154075 - Ziekenhuizen,41085846,000036337366
71151819 - Ziekenhuizen,41085846,000036337331
72727530 - RIBW,41085846,000047903929
72727531 - RIBW,41085846,000047904437
72727532 - RIBW,41085846,000047905352
72727529 - RIBW,41085846,000047928425
72727528 - RIBW,41085846,000047968079
72727534 - RIBW,41085846,000047968141
42421162 - Verzorgingshuizen,41086298,000028022459
47471747 - Gecombineerde Verpleeginrichtingen,41086298,000028022459
42421160 - Verzorgingshuizen,41086298,000028024605
47471692 - Gecombineerde Verpleeginrichtingen,41086298,000028024605
02010533 - Apothekers,41087385,000027937755
71090726 - Ziekenhuizen,41087385,000027937755
71097646 - GGZ Instellingen (PUK/PAAZ),41087385,000002709430
71090758 - Ziekenhuizen,41087534,000000170429
42424951 - Verzorgingshuizen,41088255,000053270924
47471147 - Gecombineerde Verpleeginrichtingen,41088255,000000213403
71094191 - ZZP-ers in wijkverpleging/ PGB aanbieders / Beheerstichtingen,41088255,000000213403
71222528 - Declaranten/Servicebureaus/Zorgverzekeraars,41088255,000000213403
42421473 - Verzorgingshuizen,41088255,000020992459
47472997 - Gecombineerde Verpleeginrichtingen,41088255,000042990130
71094193 - ZZP-ers in wijkverpleging/ PGB aanbieders / Beheerstichtingen,41088848,000028677129
42421221 - Verzorgingshuizen,41088848,000028677927
47471793 - Gecombineerde Verpleeginrichtingen,41088848,000028677927
42421225 - Verzorgingshuizen,41088848,000028677935
47471250 - Gecombineerde Verpleeginrichtingen,41088848,000028677935
47471280 - Gecombineerde Verpleeginrichtingen,41088848,000028678265
42421203 - Verzorgingshuizen,41088848,000028677870
47471251 - Gecombineerde Verpleeginrichtingen,41088848,000028677870
47471733 - Gecombineerde Verpleeginrichtingen,41088848,000028677919
42421215 - Verzorgingshuizen,41088848,000028677900
42421195 - Verzorgingshuizen,41088848,000028677862
47471252 - Gecombineerde Verpleeginrichtingen,41088848,000028677862
46461138 - Verpleeginrichtingen voor Psycho-Geriatrische Patienten,41088848,000028677943
47473116 - Gecombineerde Verpleeginrichtingen,41088848,000028678273
71097017 - Laboratoria(Huisartsenlab./Gemeensch.Lab/Gemeensch Apoth+Lab,41089470,000008404569
02010633 - Apothekers,41089837,000032153600
71090730 - Ziekenhuizen,41089837,000032153600
47472946 - Gecombineerde Verpleeginrichtingen,41090962,000039737039
47472016 - Gecombineerde Verpleeginrichtingen,41090962,000029595398
47471207 - Gecombineerde Verpleeginrichtingen,41090962,000029989973
71094194 - ZZP-ers in wijkverpleging/ PGB aanbieders / Beheerstichtingen,41090962,000029989973
42421227 - Verzorgingshuizen,41090962,000022519920
47472006 - Gecombineerde Verpleeginrichtingen,41090962,000022519920
42421228 - Verzorgingshuizen,41090962,000022519858
47471159 - Gecombineerde Verpleeginrichtingen,41090962,000022519858
47472947 - Gecombineerde Verpleeginrichtingen,41090962,000022519858
71235210 - Declaranten/Servicebureaus/Zorgverzekeraars,41090962,000022519858
75751737 - Thuiszorginstellingen,41090962,000022519858
42421229 - Verzorgingshuizen,41090962,000022519904
47472007 - Gecombineerde Verpleeginrichtingen,41090962,000022519904
47472005 - Gecombineerde Verpleeginrichtingen,41090962,000022519912
42421235 - Verzorgingshuizen,41093743,000027875628
47472274 - Gecombineerde Verpleeginrichtingen,41093743,000027874591
47471144 - Gecombineerde Verpleeginrichtingen,41093743,000027874354
42421240 - Verzorgingshuizen,41093743,000027874605
47472372 - Gecombineerde Verpleeginrichtingen,41093743,000027874605
42421233 - Verzorgingshuizen,41093743,000027874346
47472270 - Gecombineerde Verpleeginrichtingen,41093743,000027874346
42421238 - Verzorgingshuizen,41093743,000027873927
42421244 - Verzorgingshuizen,41093743,000027875199
47472373 - Gecombineerde Verpleeginrichtingen,41093743,000027875199
47472275 - Gecombineerde Verpleeginrichtingen,41093743,000028505115
47472963 - Gecombineerde Verpleeginrichtingen,41093743,000040351807
47472276 - Gecombineerde Verpleeginrichtingen,41093743,000027874362
47472273 - Gecombineerde Verpleeginrichtingen,41093743,000027875180
47471590 - Gecombineerde Verpleeginrichtingen,41093743,000027874621
47472272 - Gecombineerde Verpleeginrichtingen,41093743,000027873714
42421239 - Verzorgingshuizen,41093743,000027874370
47472271 - Gecombineerde Verpleeginrichtingen,41093743,000027874370
45450070 - Verpleeginrichtingen voor Somatische Ziekten,41093743,000027873420
47472278 - Gecombineerde Verpleeginrichtingen,41093743,000027873420
71094195 - ZZP-ers in wijkverpleging/ PGB aanbieders / Beheerstichtingen,41093743,000027873420
71228445 - Rechtspersonen,41093743,000027873420
75750525 - Thuiszorginstellingen,41093743,000027873420
76086743 - Leveranciers Hulpmiddelen,41093743,000027873420
04059628 - Fysiotherapeuten,41093743,000000009253
04024735 - Fysiotherapeuten,41093743,000028243358
04059628 - Fysiotherapeuten,41093743,000042330882
04024734 - Fysiotherapeuten,41093743,000028243331
05098388 - Logopedisten,41093743,000028243331
24051839 - Dietisten,41093743,000028243331
88051407 - Ergotherapeuten,41093743,000028243331
94060450 - Psychologische Zorgverleners,41093743,000028243331
04063509 - Fysiotherapeuten,41093743,000000009261
47472371 - Gecombineerde Verpleeginrichtingen,41093743,000027875202
30300128 - Instellingen voor Verstandelijk Gehandicapten,41093762,000035454202
60605703 - Instellingen voor Dagverpleging voor Ouderen,41093762,000035454202
65650616 - Gezinsvervangende Tehuizen,41093762,000035454202
70700720 - Kinderdagverblijven,41093762,000035454202
71098614 - Koepels en Beheerstichtingen WLZ,41093762,000035454202
30300453 - Instellingen voor Verstandelijk Gehandicapten,41093769,000023112514
60601017 - Instellingen voor Dagverpleging voor Ouderen,41093769,000023112514
60605913 - Instellingen voor Dagverpleging voor Ouderen,41093769,000023112514
65651035 - Gezinsvervangende Tehuizen,41093769,000023112514
65656982 - Gezinsvervangende Tehuizen,41093769,000023112514
71098600 - Koepels en Beheerstichtingen WLZ,41093769,000023112514
71098613 - Koepels en Beheerstichtingen WLZ,41093769,000023112514
71111830 - Tandheelkundige Centra,41093769,000023112514
71144510 - ZZP-ers in wijkverpleging/ PGB aanbieders / Beheerstichtingen,41093769,000023112514
47471690 - Gecombineerde Verpleeginrichtingen,41094118,000031814638
42421232 - Verzorgingshuizen,41094118,000031814565
47471785 - Gecombineerde Verpleeginrichtingen,41094118,000031814565
42421196 - Verzorgingshuizen,41094118,000031814573
47473213 - Gecombineerde Verpleeginrichtingen,41094118,000031814573
71240389 - Gecombineerde Verpleeginrichtingen,41094118,000031814573
47471689 - Gecombineerde Verpleeginrichtingen,41094118,000031814581
47472936 - Gecombineerde Verpleeginrichtingen,41094118,000039017605
42421197 - Verzorgingshuizen,41094118,000031814603
47473210 - Gecombineerde Verpleeginrichtingen,41094118,000031814603
71240330 - Gecombineerde Verpleeginrichtingen,41094118,000031814603
47471688 - Gecombineerde Verpleeginrichtingen,41094118,000031814611
47470095 - Gecombineerde Verpleeginrichtingen,41094118,000030378400
71094190 - ZZP-ers in wijkverpleging/ PGB aanbieders / Beheerstichtingen,41094118,000030378400
71220720 - Overige Artsen,41094118,000030378400
75751455 - Thuiszorginstellingen,41094118,000030378400
42424752 - Verzorgingshuizen,41095003,000032106246
47471142 - Gecombineerde Verpleeginrichtingen,41095003,000032106246
47473180 - Gecombineerde Verpleeginrichtingen,41095003,000031404537
42421115 - Verzorgingshuizen,41095003,000028572319
47471903 - Gecombineerde Verpleeginrichtingen,41095003,000028572319
42424762 - Verzorgingshuizen,41095003,000028313364
47471326 - Gecombineerde Verpleeginrichtingen,41095003,000028313364
47473179 - Gecombineerde Verpleeginrichtingen,41095003,000031404545
42424763 - Verzorgingshuizen,41095003,000028313380
47471949 - Gecombineerde Verpleeginrichtingen,41095003,000028313380
42421086 - Verzorgingshuizen,41095003,000032106254
47471855 - Gecombineerde Verpleeginrichtingen,41095003,000032106254
42421117 - Verzorgingshuizen,41095003,000028572343
47471904 - Gecombineerde Verpleeginrichtingen,41095003,000028572343
47473177 - Gecombineerde Verpleeginrichtingen,41095003,000030293391
47473181 - Gecombineerde Verpleeginrichtingen,41095003,000048570982
47473183 - Gecombineerde Verpleeginrichtingen,41095003,000030293405
42421113 - Verzorgingshuizen,41095003,000028572327
47472047 - Gecombineerde Verpleeginrichtingen,41095003,000028572327
42421081 - Verzorgingshuizen,41095003,000028313356
47471056 - Gecombineerde Verpleeginrichtingen,41095003,000028313356
42421096 - Verzorgingshuizen,41095003,000028313372
47471244 - Gecombineerde Verpleeginrichtingen,41095003,000028313372
47473178 - Gecombineerde Verpleeginrichtingen,41095003,000048670286
47473182 - Gecombineerde Verpleeginrichtingen,41095003,000028313348
42421074 - Verzorgingshuizen,41095003,000028313321
47471857 - Gecombineerde Verpleeginrichtingen,41095003,000028313321
47472097 - Gecombineerde Verpleeginrichtingen,41095003,000030293383
42421386 - Verzorgingshuizen,41095003,000031404553
47471856 - Gecombineerde Verpleeginrichtingen,41095003,000031404553
47473188 - Gecombineerde Verpleeginrichtingen,41095003,000057377464
42421393 - Verzorgingshuizen,41095003,000028572335
47471905 - Gecombineerde Verpleeginrichtingen,41095003,000028572335
42424585 - Verzorgingshuizen,41095003,000023554142
47471150 - Gecombineerde Verpleeginrichtingen,41095003,000023554142
71094162 - ZZP-ers in wijkverpleging/ PGB aanbieders / Beheerstichtingen,41095003,000023554142
71094166 - ZZP-ers in wijkverpleging/ PGB aanbieders / Beheerstichtingen,41095003,000023554142
71230077 - Thuiszorginstellingen,41095003,000057912750
75755256 - Thuiszorginstellingen,41095003,000057912750
47473150 - Gecombineerde Verpleeginrichtingen,41095003,000051388774
42421132 - Verzorgingshuizen,41095453,000022446354
47471286 - Gecombineerde Verpleeginrichtingen,41095453,000022446354
71094168 - ZZP-ers in wijkverpleging/ PGB aanbieders / Beheerstichtingen,41095453,000022446354
71130409 - Ziekenhuizen,41095510,000033738262
71130416 - GGZ Instellingen (PUK/PAAZ),41095510,000033738262
71215582 - Apothekers,41095510,000033738262
71216072 - Rechtspersonen,41095510,000033738262
71190535 - Ziekenhuizen,41095510,000033738270
71130412 - Ziekenhuizen,41095510,000033763461
71130419 - GGZ Instellingen (PUK/PAAZ),41095510,000033763461
47473230 - Gecombineerde Verpleeginrichtingen,41095513,000051454386
71245556 - Gecombineerde Verpleeginrichtingen,41095513,000051454386
47471013 - Gecombineerde Verpleeginrichtingen,41095513,000023111410
75751511 - Thuiszorginstellingen,41095513,000023111410
47473240 - Gecombineerde Verpleeginrichtingen,41095513,000061032808
71246934 - Gecombineerde Verpleeginrichtingen,41095513,000061032808
47473138 - Gecombineerde Verpleeginrichtingen,41095513,000052656438
42421135 - Verzorgingshuizen,41095513,000023111402
47471657 - Gecombineerde Verpleeginrichtingen,41095513,000023111402
42421128 - Verzorgingshuizen,41095513,000023111429
47471658 - Gecombineerde Verpleeginrichtingen,41095513,000023111429
42421133 - Verzorgingshuizen,41095513,000023111356
42421400 - Verzorgingshuizen,41095513,000023111453
47471182 - Gecombineerde Verpleeginrichtingen,41095513,000023111453
42421404 - Verzorgingshuizen,41095513,000023111445
45451195 - Verpleeginrichtingen voor Somatische Ziekten,41095513,000023111445
42421401 - Verzorgingshuizen,41095513,000023111437
45451250 - Verpleeginrichtingen voor Somatische Ziekten,41095513,000023111437
42424659 - Verzorgingshuizen,41095513,000023111399
47471223 - Gecombineerde Verpleeginrichtingen,41095513,000023111399
42421126 - Verzorgingshuizen,41095513,000023111461
47471660 - Gecombineerde Verpleeginrichtingen,41095513,000023111461
42421131 - Verzorgingshuizen,41095513,000028419871
47471158 - Gecombineerde Verpleeginrichtingen,41095513,000028419871
47473226 - Gecombineerde Verpleeginrichtingen,41095513,000061031089
71244784 - Gecombineerde Verpleeginrichtingen,41095513,000061031089
42421129 - Verzorgingshuizen,41095513,000023111380
47471245 - Gecombineerde Verpleeginrichtingen,41095513,000023111380
71091194 - Radiotherapeutische Centra,41095516,000025783645
71192116 - Radiotherapeutische Centra,41095516,000025783866
71192117 - Radiotherapeutische Centra,41095516,000025783777
42421224 - Verzorgingshuizen,41095652,000022649891
75751557 - Thuiszorginstellingen,41095652,000022649468
47471711 - Gecombineerde Verpleeginrichtingen,41095652,000022649468
42421222 - Verzorgingshuizen,41095652,000022649468
42421223 - Verzorgingshuizen,41095652,000022649263
30300464 - Instellingen voor Verstandelijk Gehandicapten,41096992,000027642615
65656709 - Gezinsvervangende Tehuizen,41096992,000027642615
71030377 - Tandartsen,41096992,000027642615
71092487 - Instellingen voor Verstandelijk Gehandicapten,41096992,000027642615
71093357 - Tandheelkundige Centra,41096992,000027642615
71222552 - Declaranten/Servicebureaus/Zorgverzekeraars,41096992,000027642615
71098593 - Koepels en Beheerstichtingen WLZ,41096992,000043199658
42421136 - Verzorgingshuizen,41098093,000022658777
47471874 - Gecombineerde Verpleeginrichtingen,41098093,000022658777
42421139 - Verzorgingshuizen,41098093,000022658750
71173950 - Gecombineerde Verpleeginrichtingen,41098093,000022658750
42421138 - Verzorgingshuizen,41098093,000022658742
42421137 - Verzorgingshuizen,41098093,000022658769
42421091 - Verzorgingshuizen,41099111,000021877483
47471845 - Gecombineerde Verpleeginrichtingen,41099111,000021877483
71094161 - ZZP-ers in wijkverpleging/ PGB aanbieders / Beheerstichtingen,41099111,000021877483
47472215 - Gecombineerde Verpleeginrichtingen,41099316,000022449027
42421072 - Verzorgingshuizen,41099316,000022449019
47471295 - Gecombineerde Verpleeginrichtingen,41099316,000022449019
71094160 - ZZP-ers in wijkverpleging/ PGB aanbieders / Beheerstichtingen,41099316,000022449019
71226255 - Thuiszorginstellingen,41099316,000022449019
75751519 - Thuiszorginstellingen,41099316,000022449019
71095229 - Verzorgingshuizen,41099381,000023737387
71096358 - Gecombineerde Verpleeginrichtingen,41099381,000023737387
71136699 - Koepels en Beheerstichtingen WLZ,41099381,000023737387
30300469 - Instellingen voor Verstandelijk Gehandicapten,41100695,000028143760
30301375 - Instellingen voor Verstandelijk Gehandicapten,41100695,000028143760
30301389 - Instellingen voor Verstandelijk Gehandicapten,41100695,000028143760
60600469 - Instellingen voor Dagverpleging voor Ouderen,41100695,000028143760
60605813 - Instellingen voor Dagverpleging voor Ouderen,41100695,000028143760
65656734 - Gezinsvervangende Tehuizen,41100695,000028143760
65656739 - Gezinsvervangende Tehuizen,41100695,000028143760
71098578 - Koepels en Beheerstichtingen WLZ,41100695,000028143760
71098591 - Koepels en Beheerstichtingen WLZ,41100695,000028143760
71098610 - Koepels en Beheerstichtingen WLZ,41100695,000028143760
73732625 - WLZ Gecombineerd,41100695,000028143760
73732719 - WLZ Gecombineerd,41100695,000028143760
73732827 - WLZ Gecombineerd,41100695,000028143760
47471787 - Gecombineerde Verpleeginrichtingen,41102269,000022425195
71094156 - ZZP-ers in wijkverpleging/ PGB aanbieders / Beheerstichtingen,41102269,000022425195
71096430 - Gecombineerde Verpleeginrichtingen,41102269,000022425195
42421107 - Verzorgingshuizen,41102269,000022425225
47471801 - Gecombineerde Verpleeginrichtingen,41102269,000022425225
75751383 - Thuiszorginstellingen,41102269,000022425225
05001056 - Logopedisten,41102269,000022425209
24051053 - Dietisten,41102269,000022425209
42421087 - Verzorgingshuizen,41102269,000022425209
47471148 - Gecombineerde Verpleeginrichtingen,41102269,000022425209
88000134 - Ergotherapeuten,41102269,000022425209
42421389 - Verzorgingshuizen,41102269,000022425233
47471192 - Gecombineerde Verpleeginrichtingen,41102269,000022425233
48485050 - Overige Instellingen,41102269,000029688205
42421098 - Verzorgingshuizen,41102269,000022425268
42421432 - Verzorgingshuizen,41102327,000022430652
47471181 - Gecombineerde Verpleeginrichtingen,41102327,000022430652
71094152 - ZZP-ers in wijkverpleging/ PGB aanbieders / Beheerstichtingen,41102327,000022430652
75752115 - Thuiszorginstellingen,41102327,000022430652
42424723 - Verzorgingshuizen,41102418,000022328378
42421065 - Verzorgingshuizen,41102418,000022328386
42421063 - Verzorgingshuizen,41102418,000022328394
42421064 - Verzorgingshuizen,41102418,000022328823
42421066 - Verzorgingshuizen,41102418,000029414563
42421067 - Verzorgingshuizen,41102418,000022329102
42424709 - Verzorgingshuizen,41102418,000022329099
42421062 - Verzorgingshuizen,41102418,000022329579
42421071 - Verzorgingshuizen,41102418,000022329587
42422028 - Verzorgingshuizen,41102418,000022993967
47471003 - Gecombineerde Verpleeginrichtingen,41102418,000022326227
71017183 - Fysiotherapeuten,41102418,000022326227
71094150 - ZZP-ers in wijkverpleging/ PGB aanbieders / Beheerstichtingen,41102418,000022326227
71236729 - Declaranten/Servicebureaus/Zorgverzekeraars,41102418,000022326405
75750729 - Thuiszorginstellingen,41102418,000022326405
60605721 - Instellingen voor Dagverpleging voor Ouderen,41102850,000028056671
65650604 - Gezinsvervangende Tehuizen,41102850,000028056671
70705127 - Kinderdagverblijven,41102850,000028056671
71222341 - Declaranten/Servicebureaus/Zorgverzekeraars,41102850,000028056671
73732619 - WLZ Gecombineerd,41102850,000028056671
71235673 - Declaranten/Servicebureaus/Zorgverzekeraars,41102850,000028061977
42421408 - Verzorgingshuizen,41103368,000043393179
47471187 - Gecombineerde Verpleeginrichtingen,41103368,000043393179
42424881 - Verzorgingshuizen,41103368,000043393179
42421387 - Verzorgingshuizen,41103368,000026716135
47471209 - Gecombineerde Verpleeginrichtingen,41103368,000026716135
71094154 - ZZP-ers in wijkverpleging/ PGB aanbieders / Beheerstichtingen,41103368,000026716135
75751261 - Thuiszorginstellingen,41103368,000026716135
30301373 - Instellingen voor Verstandelijk Gehandicapten,41105368,000023041102
60605623 - Instellingen voor Dagverpleging voor Ouderen,41105368,000023041102
65656733 - Gezinsvervangende Tehuizen,41105368,000023041102
70705087 - Kinderdagverblijven,41105368,000023041102
71149795 - Declaranten/Servicebureaus/Zorgverzekeraars,41105368,000023041102
73732621 - Wlz Gecombineerd,41105368,000023041102
47473142 - Gecombineerde Verpleeginrichtingen,41106842,000028270991
71094158 - ZZP-ers in wijkverpleging/ PGB aanbieders / Beheerstichtingen,41106842,000028270991
71175347 - ZZP-ers in wijkverpleging/ PGB aanbieders / Beheerstichtingen,41106842,000028270991
71241494 - Zelfstandige Behandelcentra,41106842,000028270991
75750844 - Thuiszorginstellingen,41106842,000028270991
47472015 - Gecombineerde Verpleeginrichtingen,41106842,000032505124
47473145 - Gecombineerde Verpleeginrichtingen,41106842,000021566348
47473175 - Gecombineerde Verpleeginrichtingen,41106842,000021566372
71243899 - Zelfstandige Behandelcentra,41106842,000021566372
47471729 - Gecombineerde Verpleeginrichtingen,41106842,000028272099
71243891 - Zelfstandige Behandelcentra,41106842,000028272099
47471923 - Gecombineerde Verpleeginrichtingen,41106842,000028272285
71243900 - Zelfstandige Behandelcentra,41106842,000028272285
47471160 - Gecombineerde Verpleeginrichtingen,41106842,000028276132
71242218 - Zelfstandige Behandelcentra,41106842,000028276132
47473059 - Gecombineerde Verpleeginrichtingen,41106842,000022466398
47471143 - Gecombineerde Verpleeginrichtingen,41106842,000043326021
47471922 - Gecombineerde Verpleeginrichtingen,41106842,000028272277
71243892 - Zelfstandige Behandelcentra,41106842,000028272277
47471924 - Gecombineerde Verpleeginrichtingen,41106842,000028272692
71242734 - Zelfstandige Behandelcentra,41106842,000028272692
47471385 - Gecombineerde Verpleeginrichtingen,41106842,000022466428
47471926 - Gecombineerde Verpleeginrichtingen,41106842,000028272293
71243897 - Zelfstandige Behandelcentra,41106842,000028272293
47473144 - Gecombineerde Verpleeginrichtingen,41106842,000021566364
71102112 - Leveranciers Hulpmiddelen,41107082,000010051295
71091193 - Radiotherapeutische Centra,41113260,000029953596
47470460 - Gecombineerde Verpleeginrichtingen,41113281,000023778547
47470302 - Gecombineerde Verpleeginrichtingen,41113281,000023785055
42421046 - Verzorgingshuizen,41113281,000031362494
42421015 - Verzorgingshuizen,41113281,000023779624
42421025 - Verzorgingshuizen,41113281,000023783648
42421016 - Verzorgingshuizen,41113281,000023786280
71106797 - Leveranciers Hulpmiddelen,41113281,000023786280
42421017 - Verzorgingshuizen,41113281,000023779845
42421032 - Verzorgingshuizen,41113281,000026222035
42421027 - Verzorgingshuizen,41113281,000023786043
47471200 - Gecombineerde Verpleeginrichtingen,41113281,000023786043
42421043 - Verzorgingshuizen,41113281,000023785403
47471189 - Gecombineerde Verpleeginrichtingen,41113281,000023785403
47470186 - Gecombineerde Verpleeginrichtingen,41113281,000023785160
71153016 - Ziekenhuizen,41113368,000023383968
71153018 - Ziekenhuizen,41113368,000023383976
71153013 - Ziekenhuizen,41113368,000023384123
71153015 - Ziekenhuizen,41113368,000023384158
71090898 - Ziekenhuizen,41113368,000004697316
71121231 - Gecombineerde Verpleeginrichtingen,41113577,000023209399
71136703 - Koepels en Beheerstichtingen WLZ,41113577,000023209399
47472141 - Gecombineerde Verpleeginrichtingen,41114148,000027942422
47471594 - Gecombineerde Verpleeginrichtingen,41114148,000031643868
42421019 - Verzorgingshuizen,41114148,000028151062
42421024 - Verzorgingshuizen,41114148,000031643906
47472338 - Gecombineerde Verpleeginrichtingen,41114148,000027942430
48486098 - Overige Instellingen,41114148,000027942465
48486117 - Overige Instellingen,41114148,000027942465
71240248 - Overige Instellingen,41114148,000027942465
71245295 - Overige Instellingen,41114148,000027942465
47473215 - Gecombineerde Verpleeginrichtingen,41114148,000059949775
71240456 - Gecombineerde Verpleeginrichtingen,41114148,000059949775
71094142 - ZZP-ers in wijkverpleging/ PGB aanbieders / Beheerstichtingen,41114148,000027942414
71222295 - Declaranten/Servicebureaus/Zorgverzekeraars,41114148,000027942414
75750573 - Thuiszorginstellingen,41114148,000027942414
71094139 - ZZP-ers in wijkverpleging/ PGB aanbieders / Beheerstichtingen,41114148,000022443568
71106851 - Leveranciers Hulpmiddelen,41114148,000022443568
75750765 - Thuiszorginstellingen,41114148,000022443568
47471890 - Gecombineerde Verpleeginrichtingen,41114148,000028150864
47472900 - Gecombineerde Verpleeginrichtingen,41114148,000037073729
47471201 - Gecombineerde Verpleeginrichtingen,41114148,000028442334
47473204 - Gecombineerde Verpleeginrichtingen,41114148,000036665266
71237604 - Gecombineerde Verpleeginrichtingen,41114148,000036665266
71240247 - Gecombineerde Verpleeginrichtingen,41114148,000036665266
47472235 - Gecombineerde Verpleeginrichtingen,41114148,000028442148
42421042 - Verzorgingshuizen,41114148,000027942686
47472253 - Gecombineerde Verpleeginrichtingen,41114148,000027942686
47472194 - Gecombineerde Verpleeginrichtingen,41114148,000027942449
42421022 - Verzorgingshuizen,41114350,000022655190
47473170 - Gecombineerde Verpleeginrichtingen,41114350,000022655190
42421048 - Verzorgingshuizen,41114350,000031368425
42421028 - Verzorgingshuizen,41114350,000022655204
42421049 - Verzorgingshuizen,41114350,000022655247
47473169 - Gecombineerde Verpleeginrichtingen,41114350,000022655247
42421033 - Verzorgingshuizen,41114350,000022655220
47473168 - Gecombineerde Verpleeginrichtingen,41114350,000022655220
47471137 - Gecombineerde Verpleeginrichtingen,41114350,000022655182
71094143 - ZZP-ers in wijkverpleging/ PGB aanbieders / Beheerstichtingen,41114350,000022655182
75751842 - Thuiszorginstellingen,41114350,000022655182
42421029 - Verzorgingshuizen,41114350,000022655212
71153902 - Ziekenhuizen,41115214,000022741216
71071268 - Psychologische Zorgverleners,41115214,000022696849
71090894 - Ziekenhuizen,41115214,000022696849
71101990 - RIAGG,41115214,000022696849
71154035 - Ziekenhuizen,41115214,000022736999
71153900 - Ziekenhuizen,41115214,000035173904
71196912 - Ziekenhuizen,41118001,000049285939
71167403 - Ziekenhuizen,41118001,000042219787
71167404 - Ziekenhuizen,41118001,000042219795
71167415 - Ziekenhuizen,41118001,000042219809
71167417 - Ziekenhuizen,41118001,000042219817
71196092 - Ziekenhuizen,41118001,000049285947
71155367 - Ziekenhuizen,41118001,000037224891
71155419 - Ziekenhuizen,41118001,000037224867
71155374 - Ziekenhuizen,41118001,000037224883
71155363 - Ziekenhuizen,41118001,000039199592
71155366 - Ziekenhuizen,41118001,000039199606
71090885 - Ziekenhuizen,41118001,000000805866
45450140 - Verpleeginrichtingen voor Somatische Ziekten,41118005,000023028092
71094125 - ZZP-ers in wijkverpleging/ PGB aanbieders / Beheerstichtingen,41118005,000023028092
42420798 - Verzorgingshuizen,41118005,000023028378
47473191 - Gecombineerde Verpleeginrichtingen,41118005,000023028378
71230756 - Gecombineerde Verpleeginrichtingen,41118005,000023028378
42420910 - Verzorgingshuizen,41118005,000023028300
42420775 - Verzorgingshuizen,41118305,000027510433
47471212 - Gecombineerde Verpleeginrichtingen,41118305,000027510433
71094126 - ZZP-ers in wijkverpleging/ PGB aanbieders / Beheerstichtingen,41118305,000027510433
42420777 - Verzorgingshuizen,41118658,000022882448
47471791 - Gecombineerde Verpleeginrichtingen,41118658,000022882448
71094131 - ZZP-ers in wijkverpleging/ PGB aanbieders / Beheerstichtingen,41118658,000022882448
71239041 - Thuiszorginstellingen,41118658,000022882448
71193156 - Ziekenhuizen,41118687,000023152974
71193155 - Ziekenhuizen,41118687,000023152966
08051290 - Verloskundigen,41118687,000023152958
71090701 - Ziekenhuizen,41118687,000023152958
71196553 - Ziekenhuizen,41118687,000049307983
60605776 - Instellingen voor Dagverpleging voor Ouderen,41118911,000028498968
60605901 - Instellingen voor Dagverpleging voor Ouderen,41118911,000028498968
65656245 - Gezinsvervangende Tehuizen,41118911,000028498968
65656741 - Gezinsvervangende Tehuizen,41118911,000028498968
71098556 - Koepels en Beheerstichtingen WLZ,41118911,000028498968
71098568 - Koepels en Beheerstichtingen WLZ,41118911,000028498968
42420900 - Verzorgingshuizen,41121600,000053640446
47471647 - Gecombineerde Verpleeginrichtingen,41121600,000053640446
71094132 - ZZP-ers in wijkverpleging/ PGB aanbieders / Beheerstichtingen,41121600,000053640446
65656188 - Gezinsvervangende Tehuizen,41121863,000027872459
71098259 - Gezinsvervangende Tehuizen,41121863,000027872459
71098564 - Koepels en Beheerstichtingen WLZ,41121863,000027872459
71160126 - Gezinsvervangende Tehuizen,41121863,000027872459
71165387 - Koepels en Beheerstichtingen WLZ,41121863,000027872459
42420843 - Verzorgingshuizen,41122080,000035356766
47471213 - Gecombineerde Verpleeginrichtingen,41122080,000035356766
71135170 - Overige Instellingen,41122080,000035356766
47470412 - Gecombineerde Verpleeginrichtingen,41125061,000028143604
71041419 - Ergotherapeuten,41125061,000028143604
71094100 - ZZP-ers in wijkverpleging/ PGB aanbieders / Beheerstichtingen,41125061,000028143604
71106598 - Leveranciers Hulpmiddelen,41125061,000028143604
73732307 - WLZ Gecombineerd,41125061,000028143604
42420970 - Verzorgingshuizen,41125061,000028144767
47471684 - Gecombineerde Verpleeginrichtingen,41125061,000028143892
42421002 - Verzorgingshuizen,41125061,000028144341
42420976 - Verzorgingshuizen,41125061,000028143612
71107160 - Leveranciers Hulpmiddelen,41125061,000028143612
42421003 - Verzorgingshuizen,41125061,000028144597
47471789 - Gecombineerde Verpleeginrichtingen,41125061,000028144597
47471633 - Gecombineerde Verpleeginrichtingen,41125061,000028143620
71107161 - Leveranciers Hulpmiddelen,41125061,000028143620
46461495 - Verpleeginrichtingen voor Psycho-Geriatrische Patienten,41125061,000028144325
47473227 - Gecombineerde Verpleeginrichtingen,41125061,000031646786
71244865 - Gecombineerde Verpleeginrichtingen,41125061,000031646786
47471759 - Gecombineerde Verpleeginrichtingen,41125061,000028143906
71107155 - Leveranciers Hulpmiddelen,41125061,000028143906
47471649 - Gecombineerde Verpleeginrichtingen,41125061,000028145003
71107156 - Leveranciers Hulpmiddelen,41125061,000031646794
47471720 - Gecombineerde Verpleeginrichtingen,41125061,000028144759
42420986 - Verzorgingshuizen,41125061,000028143914
47471650 - Gecombineerde Verpleeginrichtingen,41125061,000028143914
71107153 - Leveranciers Hulpmiddelen,41125061,000028143914
47471984 - Gecombineerde Verpleeginrichtingen,41125061,000028144775
47472219 - Gecombineerde Verpleeginrichtingen,41125094,000023147938
71095050 - Verzorgingshuizen,41125094,000023147938
30301343 - Instellingen voor Verstandelijk Gehandicapten,41126114,000021968284
30300702 - Instellingen voor Verstandelijk Gehandicapten,41126114,000021965943
60605790 - Instellingen voor Dagverpleging voor Ouderen,41126114,000021965943
65656547 - Gezinsvervangende Tehuizen,41126114,000021965943
65656768 - Gezinsvervangende Tehuizen,41126114,000021965943
71098337 - Koepels en Beheerstichtingen WLZ,41126114,000021965943
71098368 - Koepels en Beheerstichtingen WLZ,41126114,000021965943
71098557 - Koepels en Beheerstichtingen WLZ,41126114,000021965943
71118583 - Gezinsvervangende Tehuizen,41126114,000021965943
71133250 - WLZ Gecombineerd,41126114,000021965943
71138547 - Instellingen voor Verstandelijk Gehandicapten,41126114,000021965943
71143758 - Instellingen voor Verstandelijk Gehandicapten,41126114,000021965943
71233613 - Declaranten/Servicebureaus/Zorgverzekeraars,41126114,000021965943
65656683 - Gezinsvervangende Tehuizen,41126114,000021967180
71090704 - Ziekenhuizen,41126544,000023102489
47471220 - Gecombineerde Verpleeginrichtingen,41126751,000000015466
47471542 - Gecombineerde Verpleeginrichtingen,41126751,000000014508
47471907 - Gecombineerde Verpleeginrichtingen,41126751,000023420464
42420983 - Verzorgingshuizen,41126751,000000014494
42420972 - Verzorgingshuizen,41126751,000000014826
42420778 - Verzorgingshuizen,41126751,000000015369
47472982 - Gecombineerde Verpleeginrichtingen,41126751,000000015369
75751775 - Thuiszorginstellingen,41126751,000000015369
47472174 - Gecombineerde Verpleeginrichtingen,41126751,000027094715
47471578 - Gecombineerde Verpleeginrichtingen,41126751,000000015253
46461224 - Verpleeginrichtingen voor Psycho-Geriatrische Patienten,41126751,000000014931
46461107 - Verpleeginrichtingen voor Psycho-Geriatrische Patienten,41126751,000000014524
75751292 - Thuiszorginstellingen,41126751,000000014524
47471760 - Gecombineerde Verpleeginrichtingen,41126751,000000014605
42421006 - Verzorgingshuizen,41126751,000000014710
45451221 - Verpleeginrichtingen voor Somatische Ziekten,41126751,000000014451
42420975 - Verzorgingshuizen,41126751,000000015431
71096524 - Gecombineerde Verpleeginrichtingen,41126751,000000015326
71169677 - Instellingen voor Verstandelijk Gehandicapten,41126751,000000015717
42420999 - Verzorgingshuizen,41126751,000000015601
47471710 - Gecombineerde Verpleeginrichtingen,41126751,000000015601
42420856 - Verzorgingshuizen,41126751,000000014567
47472039 - Gecombineerde Verpleeginrichtingen,41126751,000000014567
47471121 - Gecombineerde Verpleeginrichtingen,41126751,000033458049
42420982 - Verzorgingshuizen,41126751,000000015261
42420987 - Verzorgingshuizen,41126751,000000014680
42420988 - Verzorgingshuizen,41126751,000000015687
42420992 - Verzorgingshuizen,41126751,000000014990
71096527 - Gecombineerde Verpleeginrichtingen,41126751,000000014990
47472917 - Gecombineerde Verpleeginrichtingen,41126751,000037923145
42420995 - Verzorgingshuizen,41126751,000026673541
46461002 - Verpleeginrichtingen voor Psycho-Geriatrische Patienten,41126751,000000014729
47471039 - Gecombineerde Verpleeginrichtingen,41126751,000000014729
71094101 - ZZP-ers in wijkverpleging/ PGB aanbieders / Beheerstichtingen,41126751,000000014427
71094116 - ZZP-ers in wijkverpleging/ PGB aanbieders / Beheerstichtingen,41126751,000000014427
71096523 - Gecombineerde Verpleeginrichtingen,41126751,000000014427
71096525 - Gecombineerde Verpleeginrichtingen,41126751,000000014427
71116853 - ZZP-ers in wijkverpleging/ PGB aanbieders / Beheerstichtingen,41126751,000000014427
71188986 - Declaranten/Servicebureaus/Zorgverzekeraars,41126751,000000014427
75750423 - Thuiszorginstellingen,41126751,000000014427
75751257 - Thuiszorginstellingen,41126751,000000014427
71098811 - RIBW,41126848,000021126216
71099761 - WLZ Gecombineerd,41126848,000021126216
71090779 - Ziekenhuizen,41127056,000028240588
71216022 - ZZP-ers in wijkverpleging/ PGB aanbieders / Beheerstichtingen,41127056,000028240588
71218333 - Thuiszorginstellingen,41127056,000028240588
71090711 - Ziekenhuizen,41128994,000028534069
71096243 - Gecombineerde Verpleeginrichtingen,41130278,000000156566
42420763 - Verzorgingshuizen,41135918,000023162465
47473073 - Gecombineerde Verpleeginrichtingen,41135918,000023162465
42420774 - Verzorgingshuizen,41135918,000023162589
47472105 - Gecombineerde Verpleeginrichtingen,41135918,000023162589
42421020 - Verzorgingshuizen,41135918,000027781488
47472046 - Gecombineerde Verpleeginrichtingen,41135918,000027781488
42420846 - Verzorgingshuizen,41135918,000023162597
47471622 - Gecombineerde Verpleeginrichtingen,41135918,000023162597
42421034 - Verzorgingshuizen,41135918,000027806839
47472045 - Gecombineerde Verpleeginrichtingen,41135918,000027806839
71094123 - ZZP-ers in wijkverpleging/ PGB aanbieders / Beheerstichtingen,41135918,000023162457
42420906 - Verzorgingshuizen,41135918,000023162740
47473088 - Gecombineerde Verpleeginrichtingen,41135918,000023162740
73732105 - WLZ Gecombineerd,41136257,000023201177
71012353 - Fysiotherapeuten,41136257,000023201630
47471579 - Gecombineerde Verpleeginrichtingen,41136257,000023200235
71094091 - ZZP-ers in wijkverpleging/ PGB aanbieders / Beheerstichtingen,41136257,000023200235
71094096 - ZZP-ers in wijkverpleging/ PGB aanbieders / Beheerstichtingen,41136257,000023200235
75750401 - Thuiszorginstellingen,41136257,000023200235
42420786 - Verzorgingshuizen,41136257,000023200790
47471093 - Gecombineerde Verpleeginrichtingen,41136257,000023200790
42420784 - Verzorgingshuizen,41136257,000023201169
47471966 - Gecombineerde Verpleeginrichtingen,41136257,000023201169
75751887 - Thuiszorginstellingen,41136257,000023201169
04033289 - Fysiotherapeuten,41141265,000030361362
05001197 - Logopedisten,41141265,000030361362
24051222 - Dietisten,41141265,000030361362
42420805 - Verzorgingshuizen,41141265,000030361362
47471604 - Gecombineerde Verpleeginrichtingen,41141265,000030361362
71094109 - ZZP-ers in wijkverpleging/ PGB aanbieders / Beheerstichtingen,41141265,000030361362
71108390 - Leveranciers Hulpmiddelen,41141265,000030361362
88051218 - Ergotherapeuten,41141265,000030361362
71090770 - Ziekenhuizen,41149113,000021799865
47471103 - Gecombineerde Verpleeginrichtingen,41149534,000030770602
46460207 - Verpleeginrichtingen voor Psycho-Geriatrische Patienten,41149534,000030770726
47471131 - Gecombineerde Verpleeginrichtingen,41149534,000030770475
71083866 - Pedicuren,41149534,000023169648
71094077 - ZZP-ers in wijkverpleging/ PGB aanbieders / Beheerstichtingen,41149534,000023169648
71096190 - Gecombineerde Verpleeginrichtingen,41149534,000023169648
71108179 - Leveranciers Hulpmiddelen,41149534,000023169648
71240309 - Thuiszorginstellingen,41149534,000023169648
75750571 - Thuiszorginstellingen,41149534,000023169648
88000096 - Ergotherapeuten,41149534,000023169648
42420761 - Verzorgingshuizen,41149534,000030769450
42420837 - Verzorgingshuizen,41149534,000030770556
47473037 - Gecombineerde Verpleeginrichtingen,41149534,000030770513
42420943 - Verzorgingshuizen,41149534,000030770742
47471599 - Gecombineerde Verpleeginrichtingen,41149534,000030770688
42420951 - Verzorgingshuizen,41149534,000030767393
42420953 - Verzorgingshuizen,41149534,000030770386
42420949 - Verzorgingshuizen,41149534,000030769809
42420892 - Verzorgingshuizen,41149534,000030770734
47471132 - Gecombineerde Verpleeginrichtingen,41149534,000030770734
45450216 - Verpleeginrichtingen voor Somatische Ziekten,41149534,000030770572
42420917 - Verzorgingshuizen,41149534,000030769884
47472032 - Gecombineerde Verpleeginrichtingen,41149534,000043350593
42420952 - Verzorgingshuizen,41149534,000030769949
47472031 - Gecombineerde Verpleeginrichtingen,41149534,000030769949
47471069 - Gecombineerde Verpleeginrichtingen,41149733,000022356169
71094000 - ZZP-ers in wijkverpleging/ PGB aanbieders / Beheerstichtingen,41149733,000022356169
42420474 - Verzorgingshuizen,41149733,000022356207
42420624 - Verzorgingshuizen,41149733,000022356193
42420946 - Verzorgingshuizen,41149967,000028257405
47471715 - Gecombineerde Verpleeginrichtingen,41149967,000028257405
42420945 - Verzorgingshuizen,41149967,000022969306
47472251 - Gecombineerde Verpleeginrichtingen,41149967,000022969306
71109004 - Leveranciers Hulpmiddelen,41149967,000022969306
47473007 - Gecombineerde Verpleeginrichtingen,41151188,000029320003
47473008 - Gecombineerde Verpleeginrichtingen,41151188,000029319994
47471489 - Gecombineerde Verpleeginrichtingen,41151188,000029673682
42420764 - Verzorgingshuizen,41151188,000029674166
47472965 - Gecombineerde Verpleeginrichtingen,41151188,000029674166
47473022 - Gecombineerde Verpleeginrichtingen,41151188,000029673690
47473025 - Gecombineerde Verpleeginrichtingen,41151188,000029674417
45450197 - Verpleeginrichtingen voor Somatische Ziekten,41151188,000029672198
47473042 - Gecombineerde Verpleeginrichtingen,41151188,000029672171
47470317 - Gecombineerde Verpleeginrichtingen,41151188,000029673933
47471457 - Gecombineerde Verpleeginrichtingen,41151188,000029672201
42420878 - Verzorgingshuizen,41151188,000029674158
42420885 - Verzorgingshuizen,41151188,000029674409
71094075 - ZZP-ers in wijkverpleging/ PGB aanbieders / Beheerstichtingen,41151188,000029671957
75752382 - Thuiszorginstellingen,41151188,000029671957
42420961 - Verzorgingshuizen,41151188,000029673917
47472976 - Gecombineerde Verpleeginrichtingen,41151188,000029673917
47472985 - Gecombineerde Verpleeginrichtingen,41151188,000041696999
42420962 - Verzorgingshuizen,41151188,000029673925
47472975 - Gecombineerde Verpleeginrichtingen,41151188,000029673925
71098762 - RIBW,41151355,000028740076
71234387 - Declaranten/Servicebureaus/Zorgverzekeraars,41151355,000028740076
71098759 - RIBW,41155311,000022392068
71193170 - Ziekenhuizen,41159777,000021428778
71193169 - Ziekenhuizen,41159777,000021428751
71090714 - Ziekenhuizen,41159777,000021428743
71243414 - Ziekenhuizen,41165544,000042481104
71152065 - Ziekenhuizen,41165544,000042547229
71215477 - Ziekenhuizen,41165544,000054268168
71095012 - Verzorgingshuizen,41168998,000022024735
71098794 - RIBW,41169071,000001718290
42420776 - Verzorgingshuizen,41169944,000034926275
71094067 - ZZP-ers in wijkverpleging/ PGB aanbieders / Beheerstichtingen,41169944,000034926275
75752161 - Thuiszorginstellingen,41169944,000034926275
42424771 - Verzorgingshuizen,41169944,000034926291
42420854 - Verzorgingshuizen,41169944,000034926283
71090713 - Ziekenhuizen,41173845,000002268051
71245406 - Rechtspersonen,41173845,000002268051
71190541 - Ziekenhuizen,41173845,000039990354
71190543 - Ziekenhuizen,41173845,000002268019
71190542 - Ziekenhuizen,41173845,000039990362
76090270 - Leveranciers Hulpmiddelen,41173845,000027768384
71127405 - Fysiotherapeuten,41174469,000020933991
05001172 - Logopedisten,41174469,000020933355
24051200 - Dietisten,41174469,000020933355
30300535 - Instellingen voor Verstandelijk Gehandicapten,41174469,000020933355
60600818 - Instellingen voor Dagverpleging voor Ouderen,41174469,000020933355
65656930 - Gezinsvervangende Tehuizen,41174469,000020933355
65656956 - Gezinsvervangende Tehuizen,41174469,000020933355
71127235 - Fysiotherapeuten,41174469,000020933355
71137476 - Koepels en Beheerstichtingen WLZ,41174469,000020933355
84056088 - Overige Artsen,41174469,000020933355
88051208 - Ergotherapeuten,41174469,000020933355
94001135 - Psychologische Zorgverleners,41174469,000020933355
71127409 - Fysiotherapeuten,41174469,000020933878
30300655 - Instellingen voor Verstandelijk Gehandicapten,41174469,000020829388
71127416 - Fysiotherapeuten,41174469,000020829388
71168037 - GGZ Instellingen (PUK/PAAZ),41177415,000021961786
71199723 - Ziekenhuizen,41177415,000021961786
71199721 - Ziekenhuizen,41177415,000028861973
71199724 - Ziekenhuizen,41177415,000021961557
02011043 - Apothekers,41177415,000021961425
71168039 - GGZ Instellingen (PUK/PAAZ),41177415,000021961425
71199722 - Ziekenhuizen,41177415,000021961425
02011044 - Apothekers,41177415,000028861426
71168038 - GGZ Instellingen (PUK/PAAZ),41177415,000028861426
71199726 - Ziekenhuizen,41177415,000028861426
02011045 - Apothekers,41177415,000021961220
71090685 - Ziekenhuizen,41177415,000021961220
71224801 - Rechtspersonen,41177415,000021961220
71193159 - Dialyse Centra,41177433,000021532125
71092456 - Instellingen voor Verstandelijk Gehandicapten,41177807,000023666978
71094668 - Verzorgingshuizen,41178623,000021910677
60605777 - Instellingen voor Dagverpleging voor Ouderen,41178753,000023007974
30300604 - Instellingen voor Verstandelijk Gehandicapten,41178753,000023007664
65656373 - Gezinsvervangende Tehuizen,41178753,000023007664
30301410 - Instellingen voor Verstandelijk Gehandicapten,41178753,000023007818
65656530 - Gezinsvervangende Tehuizen,41178753,000023007818
30300684 - Instellingen voor Verstandelijk Gehandicapten,41178753,000023007907
65651126 - Gezinsvervangende Tehuizen,41178753,000023007710
42420136 - Verzorgingshuizen,41180026,000021758158
47471861 - Gecombineerde Verpleeginrichtingen,41180026,000021758158
47471283 - Gecombineerde Verpleeginrichtingen,41180026,000021757909
71093978 - ZZP-ers in wijkverpleging/ PGB aanbieders / Beheerstichtingen,41180026,000021757909
71139700 - Koepels en Beheerstichtingen WLZ,41180026,000021757909
42421445 - Verzorgingshuizen,41180026,000021758131
47473021 - Gecombineerde Verpleeginrichtingen,41180026,000021758131
47473024 - Gecombineerde Verpleeginrichtingen,41180026,000034988246
73736997 - WLZ Gecombineerd,41180026,000041719417
42424835 - Verzorgingshuizen,41180026,000036192910
47471498 - Gecombineerde Verpleeginrichtingen,41180032,000031672248
47471115 - Gecombineerde Verpleeginrichtingen,41180032,000010266496
47472152 - Gecombineerde Verpleeginrichtingen,41180032,000010267948
42421448 - Verzorgingshuizen,41180032,000010266453
47471316 - Gecombineerde Verpleeginrichtingen,41180032,000010266453
71093956 - ZZP-ers in wijkverpleging/ PGB aanbieders / Beheerstichtingen,41180032,000010266453
75752039 - Thuiszorginstellingen,41180032,000010266453
75755779 - Thuiszorginstellingen,41180032,000010266453
42424776 - Verzorgingshuizen,41180032,000010266526
42420455 - Verzorgingshuizen,41180032,000010267956
30301366 - Instellingen voor Verstandelijk Gehandicapten,41180827,000021931666
72727355 - RIBW,41180956,000020986319
71098446 - Koepels en Beheerstichtingen WLZ,41180956,000022481702
72727264 - RIBW,41180956,000022481702
71151401 - Ziekenhuizen,41184520,000028038185
71151400 - Ziekenhuizen,41184520,000028038118
71151402 - Ziekenhuizen,41184520,000028038126
71201584 - Ziekenhuizen,41184520,000049632736
71151403 - Ziekenhuizen,41184520,000028038150
71201581 - Ziekenhuizen,41184520,000050025988
71201680 - Ziekenhuizen,41184520,000049632744
71151404 - Ziekenhuizen,41184520,000028038134
71151406 - Ziekenhuizen,41184520,000028038177
71151405 - Ziekenhuizen,41184520,000028038169
71124494 - Ziekenhuizen,41184520,000028038096
71183244 - Ziekenhuizen,41184520,000046251693
71090842 - Ziekenhuizen,41184520,000028037758
30300066 - Instellingen voor Verstandelijk Gehandicapten,41186582,000003619389
65650730 - Gezinsvervangende Tehuizen,41186582,000003619389
71093319 - Tandheelkundige Centra,41186582,000003619389
71098459 - Koepels en Beheerstichtingen WLZ,41186582,000003619389
71098651 - Koepels en Beheerstichtingen WLZ,41186583,000028668723
30301336 - Instellingen voor Verstandelijk Gehandicapten,41186583,000028491408
30301362 - Instellingen voor Verstandelijk Gehandicapten,41186583,000028491416
65656699 - Gezinsvervangende Tehuizen,41186583,000028491416
30300184 - Instellingen voor Verstandelijk Gehandicapten,41186583,000028491246
65656749 - Gezinsvervangende Tehuizen,41186583,000028491246
30300342 - Instellingen voor Verstandelijk Gehandicapten,41186583,000028491297
65656748 - Gezinsvervangende Tehuizen,41186583,000028491297
71153537 - Ziekenhuizen,41186586,000023031867
71153538 - Ziekenhuizen,41186586,000023031859
71030444 - Tandartsen,41186586,000023019840
71090809 - Ziekenhuizen,41186586,000023019840
71153534 - Ziekenhuizen,41186586,000023019840
71162866 - Ziekenhuizen,41186586,000023019840
71173036 - Rechtspersonen,41186586,000023019840
71153535 - Ziekenhuizen,41186586,000023031719
71153536 - Ziekenhuizen,41186586,000023031875
30300062 - Instellingen voor Verstandelijk Gehandicapten,41186587,000028017455
71098347 - Koepels en Beheerstichtingen WLZ,41186587,000028017455
71093355 - Tandheelkundige Centra,41186587,000028019482
47473211 - Gecombineerde Verpleeginrichtingen,41186628,000021953503
71093945 - ZZP-ers in wijkverpleging/ PGB aanbieders / Beheerstichtingen,41186628,000021953503
71240365 - Gecombineerde Verpleeginrichtingen,41186628,000021953503
47473221 - Gecombineerde Verpleeginrichtingen,41186628,000060252529
71241580 - Gecombineerde Verpleeginrichtingen,41186628,000060252529
47472229 - Gecombineerde Verpleeginrichtingen,41186628,000029080959
47471596 - Gecombineerde Verpleeginrichtingen,41186628,000021953791
47472230 - Gecombineerde Verpleeginrichtingen,41186628,000028378849
47473027 - Gecombineerde Verpleeginrichtingen,41186628,000028378849
47473062 - Gecombineerde Verpleeginrichtingen,41186628,000046819355
42420469 - Verzorgingshuizen,41186628,000021953775
47471015 - Gecombineerde Verpleeginrichtingen,41186628,000021953821
42420770 - Verzorgingshuizen,41186628,000021953813
42424887 - Verzorgingshuizen,41186628,000021953813
47471298 - Gecombineerde Verpleeginrichtingen,41186628,000021953813
47473029 - Gecombineerde Verpleeginrichtingen,41186628,000021953813
47473109 - Gecombineerde Verpleeginrichtingen,41186628,000049691465
42420481 - Verzorgingshuizen,41186628,000021953805
73730980 - WLZ Gecombineerd,41187537,000021936536
71099075 - WLZ Gecombineerd,41187537,000022571604
73737147 - WLZ Gecombineerd,41187537,000036612154
73737147 - WLZ Gecombineerd,41187537,000036611565
65651565 - Gezinsvervangende Tehuizen,41188061,000027743683
65651267 - Gezinsvervangende Tehuizen,41188061,000027743683
65651206 - Gezinsvervangende Tehuizen,41188061,000027743683
30300681 - Instellingen voor Verstandelijk Gehandicapten,41188061,000027743683
71094655 - Verzorgingshuizen,41188459,000021578958
30300341 - Instellingen voor Verstandelijk Gehandicapten,41190166,000028264649
60600773 - Instellingen voor Dagverpleging voor Ouderen,41190166,000028264649
30300536 - Instellingen voor Verstandelijk Gehandicapten,41190166,000021943834
60605921 - Instellingen voor Dagverpleging voor Ouderen,41190166,000023095067
71192934 - Zelfstandige Behandelcentra,41190166,000045974896
30301533 - Instellingen voor Verstandelijk Gehandicapten,41190166,000023153091
30301672 - Instellingen voor Verstandelijk Gehandicapten,41190166,000023153091
30301730 - Instellingen voor Verstandelijk Gehandicapten,41190166,000023153091
71121753 - Fysiotherapeuten,41190166,000023153091
71121755 - Logopedisten,41190166,000023153091
71121757 - Ergotherapeuten,41190166,000023153091
60601132 - Instellingen voor Dagverpleging voor Ouderen,41190166,000015352536
71242483 - Zelfstandige Behandelcentra,41190166,000060259175
71039697 - Overige Artsen,41190166,000022982698
71121662 - Ergotherapeuten,41190166,000022982698
71192936 - Zelfstandige Behandelcentra,41190166,000045974535
30301728 - Instellingen voor Verstandelijk Gehandicapten,41190166,000044262833
71232623 - Instellingen voor Verstandelijk Gehandicapten,41190166,000053942019
71092445 - Instellingen voor Verstandelijk Gehandicapten,41190166,000023006722
71039696 - Overige Artsen,41190166,000023210729
71192878 - Zelfstandige Behandelcentra,41190166,000045974888
60605932 - Instellingen voor Dagverpleging voor Ouderen,41190166,000015352501
71039695 - Overige Artsen,41190166,000022990372
71155422 - Psychologische Zorgverleners,41190166,000039789322
71121708 - Fysiotherapeuten,41190166,000023124121
71121709 - Logopedisten,41190166,000023124121
71233028 - Instellingen voor Verstandelijk Gehandicapten,41190166,000058239626
71121712 - Fysiotherapeuten,41190166,000031509495
71121715 - Ergotherapeuten,41190166,000031509495
71246921 - Zelfstandige Behandelcentra,41190166,000059426691
71102687 - Leveranciers Hulpmiddelen,41190166,000054236614
71228601 - Logopedisten,41190166,000054236614
71228602 - Fysiotherapeuten,41190166,000054236614
71228603 - Dietisten,41190166,000054236614
71228604 - Ergotherapeuten,41190166,000054236614
71228606 - Psychologische Zorgverleners,41190166,000054236614
71228816 - Tandheelkundige Centra,41190166,000054236614
71121692 - Logopedisten,41190166,000022990399
71121694 - Ergotherapeuten,41190166,000022990399
71098332 - Koepels en Beheerstichtingen WLZ,41190166,000011121068
71098338 - Koepels en Beheerstichtingen WLZ,41190166,000011121068
71116693 - Koepels en Beheerstichtingen WLZ,41190166,000011121068
71117028 - Koepels en Beheerstichtingen WLZ,41190166,000011121068
71121630 - Logopedisten,41190166,000011121068
71121633 - Dietisten,41190166,000011121068
71121636 - Tandheelkundige Centra,41190166,000011121068
71121640 - Ergotherapeuten,41190166,000011121068
71121642 - Diverse Samenwerkingsverbanden,41190166,000011121068
71174123 - Overige Artsen,41190166,000011121068
71231892 - Koepels en Beheerstichtingen WLZ,41190166,000011121068
30300174 - Instellingen voor Verstandelijk Gehandicapten,41190166,000022912231
71092432 - Instellingen voor Verstandelijk Gehandicapten,41190166,000023033797
30300147 - Instellingen voor Verstandelijk Gehandicapten,41190166,000022990364
30301671 - Instellingen voor Verstandelijk Gehandicapten,41190166,000022990364
30301673 - Instellingen voor Verstandelijk Gehandicapten,41190166,000022990364
30301408 - Instellingen voor Verstandelijk Gehandicapten,41190166,000023249382
71092381 - Instellingen voor Verstandelijk Gehandicapten,41190166,000023249382
71121721 - Fysiotherapeuten,41190166,000023249382
71121723 - Logopedisten,41190166,000023249382
71121724 - Dietisten,41190166,000023249382
71121726 - Ergotherapeuten,41190166,000023249382
71122757 - Psychologische Zorgverleners,41190166,000023249382
30300173 - Instellingen voor Verstandelijk Gehandicapten,41190166,000023153326
30300049 - Instellingen voor Verstandelijk Gehandicapten,41190166,000022998861
30301355 - Instellingen voor Verstandelijk Gehandicapten,41190166,000022998861
30301391 - Instellingen voor Verstandelijk Gehandicapten,41190166,000022998861
71092547 - Instellingen voor Verstandelijk Gehandicapten,41190166,000022998861
71110648 - Tandheelkundige Centra,41190166,000022998861
71121703 - Fysiotherapeuten,41190166,000022998861
71121704 - Logopedisten,41190166,000022998861
71121705 - Dietisten,41190166,000022998861
71121706 - Ergotherapeuten,41190166,000022998861
71122746 - Psychologische Zorgverleners,41190166,000022998861
38000103 - Tandheelkundige Centra,41190166,000022994742
71092347 - Instellingen voor Verstandelijk Gehandicapten,41190166,000022994742
71121695 - Fysiotherapeuten,41190166,000022994742
71121696 - Logopedisten,41190166,000022994742
71121697 - Oefentherapeuten,41190166,000022994742
71121698 - Dietisten,41190166,000022994742
71121699 - Tandheelkundige Centra,41190166,000022994742
71121700 - Ergotherapeuten,41190166,000022994742
71122752 - Psychologische Zorgverleners,41190166,000022994742
71158586 - Zelfstandige Behandelcentra,41190166,000022994742
30301472 - Instellingen voor Verstandelijk Gehandicapten,41190166,000015351599
65657010 - Gezinsvervangende Tehuizen,41190166,000015351599
71234470 - Instellingen voor Verstandelijk Gehandicapten,41190166,000058935932
71121653 - Logopedisten,41190166,000022919120
71121655 - Dietisten,41190166,000022919120
71121656 - Ergotherapeuten,41190166,000022919120
65651154 - Gezinsvervangende Tehuizen,41190166,000023094974
65656934 - Gezinsvervangende Tehuizen,41190166,000023094974
65656926 - Gezinsvervangende Tehuizen,41190166,000023094982
65656958 - Gezinsvervangende Tehuizen,41190166,000023091924
65656924 - Gezinsvervangende Tehuizen,41190166,000023095008
65657007 - Gezinsvervangende Tehuizen,41190166,000023089156
30301401 - Instellingen voor Verstandelijk Gehandicapten,41190166,000023089113
47473115 - Gecombineerde Verpleeginrichtingen,41190449,000021141061
42420453 - Verzorgingshuizen,41190449,000023661623
42420456 - Verzorgingshuizen,41190449,000023661623
47471300 - Gecombineerde Verpleeginrichtingen,41190449,000023661623
47471443 - Gecombineerde Verpleeginrichtingen,41190449,000023661976
47471194 - Gecombineerde Verpleeginrichtingen,41190449,000023661631
42420454 - Verzorgingshuizen,41190449,000023661658
42420494 - Verzorgingshuizen,41190449,000023661992
47471063 - Gecombineerde Verpleeginrichtingen,41190449,000023655941
71094642 - Verzorgingshuizen,41190449,000023655941
42420493 - Verzorgingshuizen,41190449,000023662018
42420466 - Verzorgingshuizen,41190449,000023659009
42420451 - Verzorgingshuizen,41190449,000023662026
42420467 - Verzorgingshuizen,41190449,000023659017
71093963 - ZZP-ers in wijkverpleging/ PGB aanbieders / Beheerstichtingen,41190449,000023661968
42424844 - Verzorgingshuizen,41194729,000035106522
47472920 - Gecombineerde Verpleeginrichtingen,41194729,000035106522
71093995 - ZZP-ers in wijkverpleging/ PGB aanbieders / Beheerstichtingen,41194729,000028036433
75750549 - Thuiszorginstellingen,41194729,000028036433
42420561 - Verzorgingshuizen,41194729,000028036441
47471205 - Gecombineerde Verpleeginrichtingen,41194729,000028036441
42420636 - Verzorgingshuizen,41194729,000028036867
47471572 - Gecombineerde Verpleeginrichtingen,41194729,000028036867
42420565 - Verzorgingshuizen,41194729,000028036484
42420563 - Verzorgingshuizen,41194729,000028036883
42420564 - Verzorgingshuizen,41194729,000028037294
47470509 - Gecombineerde Verpleeginrichtingen,41194729,000028036468
42420641 - Verzorgingshuizen,41194729,000028036905
47470346 - Gecombineerde Verpleeginrichtingen,41194729,000028036875
71041485 - Ergotherapeuten,41194729,000028036875
42420683 - Verzorgingshuizen,41194729,000028037286
46460305 - Verpleeginrichtingen voor Psycho-Geriatrische Patienten,41194729,000028036476
42420539 - Verzorgingshuizen,41194729,000028036891
71090754 - Ziekenhuizen,41194854,000021919186
71090771 - Ziekenhuizen,41194854,000021919186
71103427 - Leveranciers Hulpmiddelen,41194854,000021919186
42420623 - Verzorgingshuizen,41195096,000021835659
47472130 - Gecombineerde Verpleeginrichtingen,41195096,000021835659
42424989 - Verzorgingshuizen,41195096,000021835616
47471651 - Gecombineerde Verpleeginrichtingen,41195096,000021835616
71093992 - ZZP-ers in wijkverpleging/ PGB aanbieders / Beheerstichtingen,41195096,000021835616
75751240 - Thuiszorginstellingen,41195096,000021835616
42420621 - Verzorgingshuizen,41195096,000038713691
42424858 - Verzorgingshuizen,41195096,000038713691
42424786 - Verzorgingshuizen,41195096,000026952122
42420625 - Verzorgingshuizen,41195096,000021835640
47472131 - Gecombineerde Verpleeginrichtingen,41195096,000021835640
47472128 - Gecombineerde Verpleeginrichtingen,41195096,000044840144
47472132 - Gecombineerde Verpleeginrichtingen,41195096,000021835624
46460096 - Verpleeginrichtingen voor Psycho-Geriatrische Patienten,41195096,000021835632
60605903 - Instellingen voor Dagverpleging voor Ouderen,41195096,000021835632
71091174 - Audiologische Centra,41197688,000028148622
71094052 - ZZP-ers in wijkverpleging/ PGB aanbieders / Beheerstichtingen,41198598,000023071230
42420464 - Verzorgingshuizen,41198598,000023071257
47472116 - Gecombineerde Verpleeginrichtingen,41198598,000023071257
42420592 - Verzorgingshuizen,41198598,000023071265
47471766 - Gecombineerde Verpleeginrichtingen,41198598,000023071265
42420361 - Verzorgingshuizen,41198598,000023071273
42420544 - Verzorgingshuizen,41198598,000023071281
47472258 - Gecombineerde Verpleeginrichtingen,41198598,000023071281
71205720 - GGZ Instellingen (PUK/PAAZ),41199082,000051105977
02011095 - Apothekers,41199082,000006907563
71097638 - GGZ Instellingen (PUK/PAAZ),41199082,000006907563
71236833 - Apothekers,41199082,000006907563
01057200 - Huisartsen,41199082,000021930775
02010009 - Apothekers,41199082,000021930775
71090688 - Ziekenhuizen,41199082,000021930775
71139041 - Rechtspersonen,41199082,000021930775
71130777 - Zelfstandige Behandelcentra,41199892,000022239952
71090694 - Ziekenhuizen,41200428,000027938174
71160556 - Verloskundigen,41200428,000027938174
30306597 - Instellingen voor Verstandelijk Gehandicapten,41202793,000025395343
65656595 - Gezinsvervangende Tehuizen,41202793,000025464264
65656561 - Gezinsvervangende Tehuizen,41202793,000025395653
65656395 - Gezinsvervangende Tehuizen,41202793,000024403679
65656423 - Gezinsvervangende Tehuizen,41202793,000024403679
65656549 - Gezinsvervangende Tehuizen,41202793,000024403679
65656579 - Gezinsvervangende Tehuizen,41202793,000024403679
65656594 - Gezinsvervangende Tehuizen,41202793,000024403679
65656606 - Gezinsvervangende Tehuizen,41202793,000024403679
65656649 - Gezinsvervangende Tehuizen,41202793,000024403679
65656697 - Gezinsvervangende Tehuizen,41202793,000024403679
71098444 - Koepels en Beheerstichtingen WLZ,41202793,000024403679
71098532 - Koepels en Beheerstichtingen WLZ,41202793,000024403679
71098645 - Koepels en Beheerstichtingen WLZ,41202793,000024403679
71152838 - Instellingen voor Verstandelijk Gehandicapten,41202793,000024403679
73732132 - WLZ Gecombineerd,41202793,000024403679
30301402 - Instellingen voor Verstandelijk Gehandicapten,41202793,000025394207
30300032 - Instellingen voor Verstandelijk Gehandicapten,41208154,000032186088
47472998 - Gecombineerde Verpleeginrichtingen,41208154,000032186150
72727321 - RIBW,41208154,000032186150
42421338 - Verzorgingshuizen,41208154,000032187459
46461119 - Verpleeginrichtingen voor Psycho-Geriatrische Patienten,41208154,000032187459
30301396 - Instellingen voor Verstandelijk Gehandicapten,41208154,000032187475
72727477 - RIBW,41208154,000032187475
72727491 - RIBW,41208154,000032187475
72727492 - RIBW,41208154,000032187475
71098454 - Koepels en Beheerstichtingen WLZ,41208154,000021811156
71098643 - Koepels en Beheerstichtingen WLZ,41208154,000021811156
71100688 - Thuiszorginstellingen,41208154,000021811156
71186078 - Koepels en Beheerstichtingen WLZ,41208154,000021811156
71230029 - Declaranten/Servicebureaus/Zorgverzekeraars,41208154,000021811156
72727370 - RIBW,41208154,000021811156
47472971 - Gecombineerde Verpleeginrichtingen,41208154,000021811288
72727481 - RIBW,41208154,000021811350
72727384 - RIBW,41208154,000021813914
72727310 - RIBW,41208154,000021815216
72727478 - RIBW,41208154,000021815224
72727314 - RIBW,41208154,000021815887
42420788 - Verzorgingshuizen,41208154,000021819068
47472003 - Gecombineerde Verpleeginrichtingen,41208154,000021819068
72727336 - RIBW,41208154,000021819068
72727309 - RIBW,41208154,000021820953
72727479 - RIBW,41208154,000021844488
72727480 - RIBW,41208154,000021844488
72727304 - RIBW,41208154,000021844488
72727487 - RIBW,41208154,000021844488
72727488 - RIBW,41208154,000021844488
72727490 - RIBW,41208154,000021844488
72727364 - RIBW,41208154,000021844550
72727301 - RIBW,41208154,000021845352
72727374 - RIBW,41208154,000021848165
72727315 - RIBW,41208154,000021849226
72727311 - RIBW,41208154,000021851182
47471293 - Gecombineerde Verpleeginrichtingen,41208154,000025176439
71090826 - Ziekenhuizen,41208154,000025176439
71146008 - Ziekenhuizen,41208154,000025176439
72727312 - RIBW,41208154,000025176439
72727391 - RIBW,41208154,000025176439
72727313 - RIBW,41208154,000044480547
71156111 - Ziekenhuizen,41210822,000020895534
71090859 - Ziekenhuizen,41210822,000013883631
71099589 - WLZ Gecombineerd,41210822,000013883631
71181364 - Instellingen voor Verstandelijk Gehandicapten,41210822,000013883631
71182131 - Instellingen voor Verstandelijk Gehandicapten,41210822,000013883631
42420596 - Verzorgingshuizen,41222303,000022069887
42420600 - Verzorgingshuizen,41222303,000022069895
30300675 - Instellingen voor Verstandelijk Gehandicapten,41222478,000026514060
60605933 - Instellingen voor Dagverpleging voor Ouderen,41222478,000026514060
65656596 - Gezinsvervangende Tehuizen,41222478,000026514060
70705796 - Kinderdagverblijven,41222478,000026514060
71098475 - Koepels en Beheerstichtingen WLZ,41222478,000026514060
71098504 - Koepels en Beheerstichtingen WLZ,41222478,000026514060
71190610 - Ziekenhuizen,41222646,000046449434
71190614 - Ziekenhuizen,41222646,000044605277
71190609 - Ziekenhuizen,41222646,000044605269
71190616 - Ziekenhuizen,41222646,000042195004
71190618 - Ziekenhuizen,41222646,000046555390
71190608 - Ziekenhuizen,41222646,000023165928
71199699 - Ziekenhuizen,41222646,000049927108
71190613 - Ziekenhuizen,41222646,000044169221
71190611 - Ziekenhuizen,41222646,000046454276
71228204 - Ziekenhuizen,41222646,000050587250
71190617 - Ziekenhuizen,41222646,000044605293
71229969 - Ziekenhuizen,41222646,000052676250
71090757 - Ziekenhuizen,41222646,000022289488
71092463 - Instellingen voor Verstandelijk Gehandicapten,41222646,000022289488
71117148 - WLZ Gecombineerd,41222646,000022289488
65656173 - Gezinsvervangende Tehuizen,41222776,000027704181
71090696 - Ziekenhuizen,41222777,000031324398
71097656 - GGZ Instellingen (PUK/PAAZ),41222777,000031324398
42420707 - Verzorgingshuizen,41223799,000000098752
42420582 - Verzorgingshuizen,41223799,000021563233
42420584 - Verzorgingshuizen,41223799,000021563276
42420542 - Verzorgingshuizen,41223799,000021563241
45451422 - Verpleeginrichtingen voor Somatische Ziekten,41223799,000021563241
42420708 - Verzorgingshuizen,41223799,000000098779
47471761 - Gecombineerde Verpleeginrichtingen,41223799,000000098779
47471086 - Gecombineerde Verpleeginrichtingen,41223799,000021563268
42420533 - Verzorgingshuizen,41223799,000000098744
46461240 - Verpleeginrichtingen voor Psycho-Geriatrische Patienten,41223799,000021563284
42420588 - Verzorgingshuizen,41223799,000027838404
47471762 - Gecombineerde Verpleeginrichtingen,41223799,000027838404
73737449 - WLZ Gecombineerd,41223799,000027838404
42420590 - Verzorgingshuizen,41223799,000021563292
47471225 - Gecombineerde Verpleeginrichtingen,41223799,000021563292
71094019 - ZZP-ers in wijkverpleging/ PGB aanbieders / Beheerstichtingen,41223799,000021566089
71234169 - WLZ Gecombineerd,41223799,000021566089
71092343 - Instellingen voor Verstandelijk Gehandicapten,41224666,000024511994
71160343 - Instellingen voor Verstandelijk Gehandicapten,41224666,000024511994
71230587 - Apothekers,41225010,000031057225
71230588 - Apothekers,41225010,000031057233
71190602 - Ziekenhuizen,41225010,000017386713
71230589 - Apothekers,41225010,000017386713
71190606 - Ziekenhuizen,41225010,000032404220
71190605 - Ziekenhuizen,41225010,000032404204
71238982 - GGZ Instellingen (PUK/PAAZ),41225010,000032404204
71090695 - Ziekenhuizen,41225010,000028379780
71093317 - Tandheelkundige Centra,41225010,000028379780
71097635 - GGZ Instellingen (PUK/PAAZ),41225010,000028379780
71190603 - Ziekenhuizen,41225010,000028379802
71190604 - Ziekenhuizen,41225010,000028379810
71094725 - Verzorgingshuizen,41225869,000021616817
42421368 - Verzorgingshuizen,41226861,000022507396
47470253 - Gecombineerde Verpleeginrichtingen,41226861,000022507396
42420583 - Verzorgingshuizen,41226861,000022507426
47471805 - Gecombineerde Verpleeginrichtingen,41226861,000031387616
47472315 - Gecombineerde Verpleeginrichtingen,41226861,000031440665
42420585 - Verzorgingshuizen,41226861,000022507434
47471852 - Gecombineerde Verpleeginrichtingen,41226861,000022507442
47471188 - Gecombineerde Verpleeginrichtingen,41226861,000022507418
71094016 - ZZP-ers in wijkverpleging/ PGB aanbieders / Beheerstichtingen,41226861,000022507418
75751311 - Thuiszorginstellingen,41226861,000022507418
47473214 - Gecombineerde Verpleeginrichtingen,41226861,000060036524
71240411 - Gecombineerde Verpleeginrichtingen,41226861,000060036524
42420609 - Verzorgingshuizen,41226861,000023212039
60600961 - Instellingen voor Dagverpleging voor Ouderen,41227061,000020869053
60605917 - Instellingen voor Dagverpleging voor Ouderen,41227061,000020868561
65656973 - Gezinsvervangende Tehuizen,41227061,000020867956
71090772 - Ziekenhuizen,41227061,000020867956
71098471 - Koepels en Beheerstichtingen WLZ,41227061,000020867956
73737460 - WLZ Gecombineerd,41227061,000020867956
88000163 - Ergotherapeuten,41227061,000020867956
42420631 - Verzorgingshuizen,41231194,000022100385
47472071 - Gecombineerde Verpleeginrichtingen,41231194,000022100385
42420678 - Verzorgingshuizen,41231194,000022102043
42420632 - Verzorgingshuizen,41231194,000022102019
42420653 - Verzorgingshuizen,41231194,000022100350
42420688 - Verzorgingshuizen,41231194,000022100326
42424879 - Verzorgingshuizen,41231194,000022102094
47473004 - Gecombineerde Verpleeginrichtingen,41231194,000022102094
42420570 - Verzorgingshuizen,41231194,000022102035
47473140 - Gecombineerde Verpleeginrichtingen,41231194,000022102035
42420574 - Verzorgingshuizen,41231194,000022102051
47473141 - Gecombineerde Verpleeginrichtingen,41231194,000022102051
71092406 - Instellingen voor Verstandelijk Gehandicapten,41231194,000022043195
47473044 - Gecombineerde Verpleeginrichtingen,41231194,000045459436
42420634 - Verzorgingshuizen,41231194,000022100407
42420577 - Verzorgingshuizen,41231194,000022102086
42420656 - Verzorgingshuizen,41231194,000022100369
42420699 - Verzorgingshuizen,41231279,000051143534
42420701 - Verzorgingshuizen,41231279,000000106178
71201895 - Koepels en Beheerstichtingen WLZ,41231279,000000106178
71097637 - GGZ Instellingen (PUK/PAAZ),41231298,000039341194
71190592 - Ziekenhuizen,41231298,000023933402
71090690 - Ziekenhuizen,41231298,000022386998
65656175 - Gezinsvervangende Tehuizen,41231857,000027895807
71098478 - Koepels en Beheerstichtingen WLZ,41231857,000027895807
42420754 - Verzorgingshuizen,41232302,000000224022
42420753 - Verzorgingshuizen,41232302,000020938691
71013286 - Fysiotherapeuten,41232302,000020938691
71075253 - Psychologische Zorgverleners,41232302,000020938691
42420696 - Verzorgingshuizen,41232302,000023454148
42420698 - Verzorgingshuizen,41232302,000023454172
42420755 - Verzorgingshuizen,41232302,000020938683
42420654 - Verzorgingshuizen,41232302,000023454423
42420702 - Verzorgingshuizen,41232302,000023454466
71041422 - Ergotherapeuten,41232302,000023454083
71240336 - Ergotherapeuten,41232302,000027785041
42420682 - Verzorgingshuizen,41232302,000023454415
42420757 - Verzorgingshuizen,41232302,000020938780
42420706 - Verzorgingshuizen,41232302,000023454679
71023955 - Oefentherapeuten,41232302,000023454679
71097308 - Diverse Samenwerkingsverbanden,41232302,000023454679
04010335 - Fysiotherapeuten,41232302,000023453567
05001017 - Logopedisten,41232302,000023453567
07087126 - Oefentherapeuten,41232302,000023453567
42420694 - Verzorgingshuizen,41232302,000023453567
42424800 - Verzorgingshuizen,41232302,000023453567
71094025 - ZZP-ers in wijkverpleging/ PGB aanbieders / Beheerstichtingen,41232302,000023453567
71094035 - ZZP-ers in wijkverpleging/ PGB aanbieders / Beheerstichtingen,41232302,000023453567
71100514 - Thuiszorginstellingen,41232302,000023453567
71115725 - ZZP-ers in wijkverpleging/ PGB aanbieders / Beheerstichtingen,41232302,000023453567
75750702 - Thuiszorginstellingen,41232302,000023453567
75751584 - Thuiszorginstellingen,41232302,000023453567
47471095 - Gecombineerde Verpleeginrichtingen,41232302,000031663486
71190525 - Ziekenhuizen,41235021,000027823288
71090693 - Ziekenhuizen,41235021,000025980289
71097636 - GGZ Instellingen (PUK/PAAZ),41235021,000025980289
71201164 - Apothekers,41235021,000025980289
71201360 - Apothekers,41235021,000049385003
71190524 - Ziekenhuizen,41235021,000028313089
71190523 - Ziekenhuizen,41235021,000027823741
42420578 - Verzorgingshuizen,41236520,000021771332
42420662 - Verzorgingshuizen,41236520,000022006923
71117215 - Gecombineerde Verpleeginrichtingen,41236520,000021769052
71095815 - Beheerstichtingen Verzorgingstehuizen,41236520,000022006931
42420552 - Verzorgingshuizen,41236520,000021771375
42420661 - Verzorgingshuizen,41236520,000021768994
71094030 - ZZP-ers in wijkverpleging/ PGB aanbieders / Beheerstichtingen,41236520,000021768978
71094224 - ZZP-ers in wijkverpleging/ PGB aanbieders / Beheerstichtingen,41236520,000021768978
71095983 - Gecombineerde Verpleeginrichtingen,41236520,000021768978
75752168 - Thuiszorginstellingen,41236520,000021768978
42421373 - Verzorgingshuizen,41236520,000026901536
47471774 - Gecombineerde Verpleeginrichtingen,41236520,000026901536
48485906 - Overige Instellingen,41236520,000046999035
71117216 - Gecombineerde Verpleeginrichtingen,41236520,000021771316
42420553 - Verzorgingshuizen,41236520,000021771367
47470002 - Gecombineerde Verpleeginrichtingen,41236520,000021771367
42420573 - Verzorgingshuizen,41236520,000026901544
75752043 - Thuiszorginstellingen,41236520,000026901544
47472935 - Gecombineerde Verpleeginrichtingen,41236583,000038503395
71216743 - Gecombineerde Verpleeginrichtingen,41236583,000038503395
42420617 - Verzorgingshuizen,41236583,000022069143
71217028 - Gecombineerde Verpleeginrichtingen,41236583,000022069143
47472951 - Gecombineerde Verpleeginrichtingen,41236583,000021993882
47472407 - Gecombineerde Verpleeginrichtingen,41236583,000036513024
71217029 - Gecombineerde Verpleeginrichtingen,41236583,000036513024
71128613 - Ergotherapeuten,41236583,000033353999
71128618 - Fysiotherapeuten,41236583,000033353980
71128616 - Logopedisten,41236583,000033353972
47472927 - Gecombineerde Verpleeginrichtingen,41236583,000028630254
47472959 - Gecombineerde Verpleeginrichtingen,41236583,000021993785
71104983 - Leveranciers Hulpmiddelen,41236583,000021993785
71165143 - Dietisten,41236583,000021993785
75750591 - Thuiszorginstellingen,41236583,000021993785
42420685 - Verzorgingshuizen,41236583,000021993807
47472399 - Gecombineerde Verpleeginrichtingen,41236583,000021993807
42420670 - Verzorgingshuizen,41236583,000021993866
47471076 - Gecombineerde Verpleeginrichtingen,41236583,000021993866
47472924 - Gecombineerde Verpleeginrichtingen,41236583,000021993866
42420692 - Verzorgingshuizen,41236583,000021999244
47472940 - Gecombineerde Verpleeginrichtingen,41236583,000021999244
47472926 - Gecombineerde Verpleeginrichtingen,41236583,000021993874
71071455 - Psychologische Zorgverleners,41236583,000021993874
47470265 - Gecombineerde Verpleeginrichtingen,41236583,000021993831
71168373 - Dietisten,41236583,000021993831
47470280 - Gecombineerde Verpleeginrichtingen,41236583,000021996857
71036080 - Dietisten,41236583,000021996857
71071454 - Psychologische Zorgverleners,41236583,000021996857
47471091 - Gecombineerde Verpleeginrichtingen,41236583,000021996873
71157886 - Fysiotherapeuten,41236583,000021996873
71168371 - Dietisten,41236583,000021996873
47472286 - Gecombineerde Verpleeginrichtingen,41236583,000030564964
71168372 - Dietisten,41236583,000027745082
47472929 - Gecombineerde Verpleeginrichtingen,41236583,000028630297
47472949 - Gecombineerde Verpleeginrichtingen,41236583,000021996881
47472923 - Gecombineerde Verpleeginrichtingen,41236583,000021996946
47472928 - Gecombineerde Verpleeginrichtingen,41236583,000021999279
42420668 - Verzorgingshuizen,41236583,000021993858
47472953 - Gecombineerde Verpleeginrichtingen,41236583,000021993858
47472950 - Gecombineerde Verpleeginrichtingen,41236583,000021993890
42420651 - Verzorgingshuizen,41236583,000021999236
42420645 - Verzorgingshuizen,41236583,000021999236
47472954 - Gecombineerde Verpleeginrichtingen,41236583,000021999236
42420575 - Verzorgingshuizen,41236583,000021996911
47472938 - Gecombineerde Verpleeginrichtingen,41236583,000021996911
42420669 - Verzorgingshuizen,41236583,000021996938
47472958 - Gecombineerde Verpleeginrichtingen,41236583,000021996938
42420684 - Verzorgingshuizen,41236583,000021999228
47472955 - Gecombineerde Verpleeginrichtingen,41236583,000021999228
47472939 - Gecombineerde Verpleeginrichtingen,41236583,000021999287
47472925 - Gecombineerde Verpleeginrichtingen,41236583,000021993815
71092452 - Instellingen voor Verstandelijk Gehandicapten,41238099,000022547681
71093294 - Tandheelkundige Centra,41238099,000023073012
30300694 - Instellingen voor Verstandelijk Gehandicapten,41238268,000031393217
65656696 - Gezinsvervangende Tehuizen,41238268,000029090458
60605791 - Instellingen voor Dagverpleging voor Ouderen,41238268,000031393233
71092399 - Instellingen voor Verstandelijk Gehandicapten,41238268,000031393241
71092486 - Instellingen voor Verstandelijk Gehandicapten,41238268,000008668868
71096184 - Gecombineerde Verpleeginrichtingen,41238268,000008668868
71098464 - Koepels en Beheerstichtingen WLZ,41238268,000008668868
65656677 - Gezinsvervangende Tehuizen,41238268,000031393225
30300440 - Instellingen voor Verstandelijk Gehandicapten,41238268,000031393276
71090858 - Ziekenhuizen,41238617,000030963168
42420551 - Verzorgingshuizen,41239364,000028083873
42420712 - Verzorgingshuizen,41239364,000022078770
47473199 - Gecombineerde Verpleeginrichtingen,41239364,000022078770
71095811 - Beheerstichtingen Verzorgingstehuizen,41239364,000022078770
71234021 - Gecombineerde Verpleeginrichtingen,41239364,000022078770
42425055 - Verzorgingshuizen,41241550,000061319333
71095809 - Beheerstichtingen Verzorgingstehuizen,41241550,000061319333
71245421 - Verzorgingshuizen,41241550,000061319333
42420611 - Verzorgingshuizen,41241550,000027668053
42424995 - Verzorgingshuizen,41241550,000037854666
42425021 - Verzorgingshuizen,41241550,000059300736
71235847 - Verzorgingshuizen,41241550,000059300736
71197975 - Ziekenhuizen,41241807,000048411566
71190585 - Ziekenhuizen,41241807,000027874877
71090686 - Ziekenhuizen,41241807,000027874524
71190589 - Ziekenhuizen,41241807,000028452860
71190587 - Ziekenhuizen,41241807,000022610995
71190584 - Ziekenhuizen,41241807,000022611460
71190588 - Ziekenhuizen,41241807,000027874869
71190586 - Ziekenhuizen,41241807,000032384890
02010667 - Apothekers,41241807,000030408695
71168840 - Leveranciers Hulpmiddelen,41241807,000030408695
02082569 - Apothekers,41241807,000031989756
71168839 - Leveranciers Hulpmiddelen,41241807,000031989756
42420690 - Verzorgingshuizen,41241831,000033695369
47472180 - Gecombineerde Verpleeginrichtingen,41241831,000033695369
47473058 - Gecombineerde Verpleeginrichtingen,41241831,000045727074
42422122 - Verzorgingshuizen,41241831,000033695458
47471435 - Gecombineerde Verpleeginrichtingen,41241831,000033695458
71094009 - ZZP-ers in wijkverpleging/ PGB aanbieders / Beheerstichtingen,41241831,000033695458
73736432 - WLZ Gecombineerd,41241831,000033695458
42420650 - Verzorgingshuizen,41241831,000033696624
47472123 - Gecombineerde Verpleeginrichtingen,41241831,000033696624
42421476 - Verzorgingshuizen,41241831,000033695393
42420709 - Verzorgingshuizen,41241831,000033696675
47472179 - Gecombineerde Verpleeginrichtingen,41241831,000033696675
42420689 - Verzorgingshuizen,41241831,000033695385
42420691 - Verzorgingshuizen,41241831,000033695377
42420530 - Verzorgingshuizen,41241831,000033696667
47472110 - Gecombineerde Verpleeginrichtingen,41244253,000022465766
71243672 - Koepels en Beheerstichtingen WLZ,41244253,000022465766
71090668 - Ziekenhuizen,41244295,000022726993
71193158 - Ziekenhuizen,41244295,000022727000
71193157 - Ziekenhuizen,41244295,000022727019
30300571 - Instellingen voor Verstandelijk Gehandicapten,41244488,000027944697
65657055 - Gezinsvervangende Tehuizen,41244488,000027944697
65650632 - Gezinsvervangende Tehuizen,41244488,000027968820
65650864 - Gezinsvervangende Tehuizen,41244488,000027971783
65650549 - Gezinsvervangende Tehuizen,41244488,000027966038
65656389 - Gezinsvervangende Tehuizen,41244488,000027947505
30301395 - Instellingen voor Verstandelijk Gehandicapten,41244488,000027973174
42424819 - Verzorgingshuizen,41247103,000032533616
42421332 - Verzorgingshuizen,41247103,000022092706
42421331 - Verzorgingshuizen,41247103,000022092714
42424884 - Verzorgingshuizen,41247103,000042842441
71095805 - Beheerstichtingen Verzorgingstehuizen,41247103,000022092692
75752150 - Thuiszorginstellingen,41247103,000022092692
42420479 - Verzorgingshuizen,41265029,000028367901
47471812 - Gecombineerde Verpleeginrichtingen,41265029,000028367138
42420498 - Verzorgingshuizen,41265029,000028367553
42420497 - Verzorgingshuizen,41265029,000028367952
46460248 - Verpleeginrichtingen voor Psycho-Geriatrische Patienten,41265029,000028366409
71093947 - ZZP-ers in wijkverpleging/ PGB aanbieders / Beheerstichtingen,41265029,000028366409
75752515 - Thuiszorginstellingen,41265029,000028366409
30300285 - Instellingen voor Verstandelijk Gehandicapten,41265769,000003596311
65656505 - Gezinsvervangende Tehuizen,41265769,000003596311
71098435 - Koepels en Beheerstichtingen WLZ,41265769,000003596311
42420821 - Verzorgingshuizen,50024078,000028359011
71094114 - ZZP-ers in wijkverpleging/ PGB aanbieders / Beheerstichtingen,50024078,000028359011
42420767 - Verzorgingshuizen,50024078,000028359046
42420822 - Verzorgingshuizen,50024078,000028359038
47470386 - Gecombineerde Verpleeginrichtingen,50024078,000028359437
71092156 - Zelfstandige Behandelcentra,50074105,000000788872
71158981 - Zelfstandige Behandelcentra,50074105,000040568911
71167938 - Zelfstandige Behandelcentra,50074105,000042577403
71158911 - Zelfstandige Behandelcentra,50074105,000040528421
71167940 - Zelfstandige Behandelcentra,50074105,000042577411
71158912 - Zelfstandige Behandelcentra,50074105,000040495388
71158980 - Zelfstandige Behandelcentra,50074105,000040568903
71158909 - Zelfstandige Behandelcentra,50074105,000040495396
71158978 - Zelfstandige Behandelcentra,50074105,000040568873
71178790 - Zelfstandige Behandelcentra,50074105,000049569740
71158548 - Zelfstandige Behandelcentra,50074105,000040481859
71093260 - Ambulancediensten,50451154,000020642016
71138062 - Trombosediensten,50848542,000020756771
71138064 - Laboratoria(Huisartsenlab./Gemeensch.Lab/Gemeensch Apoth+Lab,50848542,000020756771
71152427 - Zelfstandige Behandelcentra,50975382,000036854484
71152433 - Zelfstandige Behandelcentra,50975382,000038870444
71152432 - Zelfstandige Behandelcentra,50975382,000036854506
71152430 - Zelfstandige Behandelcentra,50975382,000036854492
71092109 - Zelfstandige Behandelcentra,50975382,000032591969
71193452 - Zelfstandige Behandelcentra,50975382,000045373124
42420522 - Verzorgingshuizen,51286068,000021342830
47471811 - Gecombineerde Verpleeginrichtingen,51286068,000021342830
71093974 - ZZP-ers in wijkverpleging/ PGB aanbieders / Beheerstichtingen,51286068,000021342830
42420504 - Verzorgingshuizen,51286068,000021342849
47472243 - Gecombineerde Verpleeginrichtingen,51286068,000028215133
42420526 - Verzorgingshuizen,51286068,000021342822
47471318 - Gecombineerde Verpleeginrichtingen,51286068,000021342822
71230726 - Zelfstandige Behandelcentra,51351579,000057349118
71154052 - Zelfstandige Behandelcentra,51351579,000037521551
71154051 - Zelfstandige Behandelcentra,51351579,000037521543
71196907 - Zelfstandige Behandelcentra,51351579,000048932094
71230725 - Zelfstandige Behandelcentra,51351579,000057349037
71170332 - Zelfstandige Behandelcentra,51351579,000042905958
71111107 - Zelfstandige Behandelcentra,51351579,000021394962
71099189 - WLZ Gecombineerd,51386747,000021423148
73730608 - Wlz Gecombineerd,51386747,000021423148
73730822 - Wlz Gecombineerd,51386747,000021423148
73731009 - WLZ Gecombineerd,51386747,000021423148
30300514 - Instellingen voor Verstandelijk Gehandicapten,51662000,000022130284
30301404 - Instellingen voor Verstandelijk Gehandicapten,51662000,000022130284
71098341 - Koepels en Beheerstichtingen WLZ,51662000,000022130284
71121194 - Koepels en Beheerstichtingen WLZ,51662000,000022130284
71152961 - Zelfstandige Behandelcentra,53430492,000038572761
71186370 - Zelfstandige Behandelcentra,53430492,000047103825
71146642 - Zelfstandige Behandelcentra,53430492,000037069462
71183352 - Zelfstandige Behandelcentra,53430492,000046016945
71119317 - Zelfstandige Behandelcentra,53430492,000030673984
71246922 - Zelfstandige Behandelcentra,53430492,000030239788
71185486 - Zelfstandige Behandelcentra,53430492,000046821929
71091695 - Zelfstandige Behandelcentra,53430492,000023309571
71116577 - Zelfstandige Behandelcentra,53430492,000023309571
71116579 - Zelfstandige Behandelcentra,53430492,000023309571
71135236 - Zelfstandige Behandelcentra,53430492,000023309571
71134538 - Zelfstandige Behandelcentra,53735587,000033152985
71092174 - Zelfstandige Behandelcentra,53735587,000033152950
71134539 - Zelfstandige Behandelcentra,53735587,000033152993
71134540 - Zelfstandige Behandelcentra,53735587,000033153000
